school_name,division,conference_code,source_url,status,record_count,parser_used,fetch_method,error
Abilene Christian University,DI,WAC,https://acusports.com/sports/womens-volleyball/roster/2025,success,15,table,requests,
Alabama A&M University,DI,SWAC,https://aamusports.com/sports/womens-volleyball/roster/2025,success,24,modern_cards,requests,
Alabama State University,DI,SWAC,https://bamastatesports.com/sports/womens-volleyball/roster/2025,success,18,modern_cards,requests,
Alcorn State University,DI,SWAC,https://alcornsports.com/sports/womens-volleyball/roster/2025,success,16,modern_cards,requests,
American University,DI,PL,https://aueagles.com/sports/womens-volleyball/roster/2025,success,13,table,requests,
Appalachian State University,DI,SBC,https://appstatesports.com/sports/womens-volleyball/roster/2025,success,15,modern_cards,requests,
Arizona State University,DI,B12,https://thesundevils.com/sports/volleyball/roster/2025,failed,0,,,ValueError: All roster parsing methods failed. Static: 404 Client Error: Not Found for url: https://thesundevils.com/sports/volleyball/roster/2025 | Visible text: No tab-separated visible-text roster rows were found. | Rendered HTML: Every available roster parser failed. table: No tables found | modern_cards: No modern roster-card containers were found. | labeled_cards: No labeled Jersey Number player blocks were found. | sidearm: No Sidearm player cards were found.
Arkansas State University,DI,SBC,https://astateredwolves.com/sports/womens-volleyball/roster/2025,success,18,table,requests,
Auburn University,DI,SEC,https://auburntigers.com/sports/volleyball/roster/2025,failed,0,,,ValueError: All roster parsing methods failed. Static: 404 Client Error: Not Found for url: https://auburntigers.com/sports/volleyball/roster/2025 | Visible text: No tab-separated visible-text roster rows were found. | Rendered HTML: Every available roster parser failed. table: No tables found | modern_cards: No modern roster-card containers were found. | labeled_cards: No labeled Jersey Number player blocks were found. | sidearm: No Sidearm player cards were found.
Austin Peay State University,DI,ASUN,https://letsgopeay.com/sports/womens-volleyball/roster/2025,success,16,table,requests,
Ball State University,DI,Mid American,https://ballstatesports.com/sports/womens-volleyball/roster/2025,success,16,table,requests,
Baylor University,DI,B12,https://baylorbears.com/sports/womens-volleyball/roster/2025,success,35,modern_cards,requests,
Bellarmine University,DI,ASUN,https://athletics.bellarmine.edu/sports/womens-volleyball/roster/2025,success,16,table,requests,
Belmont University,DI,MVC,https://belmontbruins.com/sports/womens-volleyball/roster/2025,success,32,modern_cards,requests,
Bethune-Cookman University,DI,SWAC,https://bcuathletics.com/sports/womens-volleyball/roster/2025,success,8,modern_cards,requests,
Binghamton University,DI,America East,https://binghamtonbearcats.com/sports/womens-volleyball/roster/2025,success,18,table,requests,
Boise State University,DI,Mountain West,https://broncosports.com/sports/womens-volleyball/roster/2025,success,31,modern_cards,requests,
Boston College,DI,ACC,https://bceagles.com/sports/womens-volleyball/roster/2025,success,19,table,requests,
Bowling Green State University,DI,Mid American,https://bgsufalcons.com/sports/womens-volleyball/roster/2025,success,19,table,requests,
Bradley University,DI,MVC,https://bradleybraves.com/sports/womens-volleyball/roster/2025,success,18,modern_cards,playwright_html,
Brigham Young University,DI,B12,https://byucougars.com/sports/womens-volleyball/roster/2025,failed,0,,,ValueError: All roster parsing methods failed. Static: 404 Client Error: Not Found for url: https://byucougars.com/sports/womens-volleyball/roster/2025 | Visible text: No tab-separated visible-text roster rows were found. | Rendered HTML: Every available roster parser failed. table: No tables found | modern_cards: No modern roster-card containers were found. | labeled_cards: No labeled Jersey Number player blocks were found. | sidearm: No Sidearm player cards were found.
Brown University,DI,IVY,https://brownbears.com/sports/womens-volleyball/roster/2025,success,35,modern_cards,requests,
Bryant University,DI,America East,https://bryantbulldogs.com/sports/womens-volleyball/roster/2025,success,19,modern_cards,requests,
Bucknell University,DI,PL,https://bucknellbison.com/sports/womens-volleyball/roster/2025,success,35,modern_cards,requests,
Butler University,DI,Big East,https://butlersports.com/sports/womens-volleyball/roster/2025,success,14,table,requests,
California Baptist University,DI,WAC,https://cbulancers.com/sports/womens-volleyball/roster/2025,success,16,table,requests,
California Polytechnic State University,DI,Big West,https://gopoly.com/sports/womens-volleyball/roster/2025,success,17,table,requests,
"California State University, Bakersfield",DI,Big West,https://gorunners.com/sports/womens-volleyball/roster/2025,success,16,modern_cards,requests,
Fresno State,DI,Mountain West,https://gobulldogs.com/sports/womens-volleyball/roster/2025,success,33,modern_cards,requests,
"California State University, Fullerton",DI,Big West,https://fullertontitans.com/sports/womens-volleyball/roster/2025,success,18,table,requests,
"California State University, Northridge",DI,Big West,https://gomatadors.com/sports/womens-volleyball/roster/2025,success,18,table,requests,
Sacramento State,DI,Big Sky,https://hornetsports.com/sports/womens-volleyball/roster/2025,success,16,table,requests,
Campbell University,DI,CAA,https://gocamels.com/sports/womens-volleyball/roster/2025,success,18,modern_cards,requests,
Canisius University,DI,MAAC,https://gogriffs.com/sports/womens-volleyball/roster/2025,success,15,modern_cards,requests,
Central Connecticut State University,DI,NEC,https://ccsubluedevils.com/sports/wvball/2025-26/roster,success,18,table,requests,
Central Michigan University,DI,Mid American,https://cmuchippewas.com/sports/womens-volleyball/roster/2025,success,17,table,requests,
Charleston Southern University,DI,Big South,https://www.csusports.com/sports/womens-volleyball/roster/2025,success,18,modern_cards,requests,
Chicago State University,DI,NEC,https://www.gocsucougars.com/sports/womens-volleyball/roster/2025,success,13,modern_cards,requests,
Clemson University,DI,ACC,https://clemsontigers.com/sports/volleyball/roster/2025,failed,0,,,ValueError: All roster parsing methods failed. Static: 404 Client Error: Not Found for url: https://clemsontigers.com/sports/volleyball/roster/2025 | Visible text: No tab-separated visible-text roster rows were found. | Rendered HTML: Every available roster parser failed. table: No tables found | modern_cards: No modern roster-card containers were found. | labeled_cards: No labeled Jersey Number player blocks were found. | sidearm: No Sidearm player cards were found.
Cleveland State University,DI,Horizon,https://csuvikings.com/sports/womens-volleyball/roster/2025,success,15,table,requests,
Coastal Carolina University,DI,SBC,https://goccusports.com/sports/womens-volleyball/roster/2025,success,31,modern_cards,requests,
Colgate University,DI,PL,https://colgateathletics.com/sports/womens-volleyball/roster/2025,success,19,modern_cards,requests,
College of Charleston (South Carolina),DI,CAA,https://cofcsports.com/sports/womens-volleyball/roster/2025,success,36,modern_cards,requests,
College of the Holy Cross,DI,PL,https://goholycross.com/sports/womens-volleyball/roster/2025,success,18,table,requests,
Colorado State University,DI,Mountain West,https://csurams.com/sports/womens-volleyball/roster/2025,success,35,modern_cards,requests,
Columbia University-Barnard College,DI,IVY,https://gocolumbialions.com/sports/womens-volleyball/roster/2025,success,37,modern_cards,requests,
Coppin State University,DI,MEAC,https://coppinstatesports.com/sports/womens-volleyball/roster/2025,success,18,table,requests,
Cornell University,DI,IVY,https://cornellbigred.com/sports/womens-volleyball/roster/2025,success,20,table,requests,
Creighton University,DI,Big East,https://gocreighton.com/sports/womens-volleyball/roster/2025,success,35,modern_cards,requests,
Dartmouth College,DI,IVY,https://dartmouthsports.com/sports/womens-volleyball/roster/2025,success,37,modern_cards,requests,
Davidson College,DI,A10,https://davidsonwildcats.com/sports/womens-volleyball/roster/2025,success,35,modern_cards,requests,
DePaul University,DI,Big East,https://depaulbluedemons.com/sports/womens-volleyball/roster/2025,success,17,table,requests,
Delaware State University,DI,MEAC,https://dsuhornets.com/sports/womens-volleyball/roster/2025,success,21,table,requests,
Drake University,DI,MVC,https://godrakebulldogs.com/sports/womens-volleyball/roster/2025,success,17,table,requests,
Duke University,DI,ACC,https://goduke.com/sports/womens-volleyball/roster/2025,success,16,table,requests,
Duquesne University,DI,A10,https://goduquesne.com/sports/womens-volleyball/roster/2025,success,15,table,requests,
East Carolina University,DI,American,https://ecupirates.com/sports/womens-volleyball/roster/2025,success,29,modern_cards,requests,
East Tennessee State University,DI,Southern,https://etsubucs.com/sports/womens-volleyball/roster/2025,success,15,table,requests,
East Texas A&M University,DI,Southland,https://lionathletics.com/sports/womens-volleyball/roster/2025,success,16,table,requests,
Eastern Illinois University,DI,Ohio Valley,https://eiupanthers.com/sports/womens-volleyball/roster/2025,success,28,modern_cards,requests,
Eastern Kentucky University,DI,ASUN,https://ekusports.com/sports/womens-volleyball/roster/2025,success,16,table,requests,
Eastern Michigan University,DI,Mid American,https://emueagles.com/sports/womens-volleyball/roster/2025,success,20,table,requests,
Eastern Washington University,DI,Big Sky,https://goeags.com/sports/womens-volleyball/roster/2025,success,17,modern_cards,requests,
Elon University,DI,CAA,https://elonphoenix.com/sports/womens-volleyball/roster/2025,success,26,modern_cards,requests,
Fairfield University,DI,MAAC,https://fairfieldstags.com/sports/womens-volleyball/roster/2025,success,18,modern_cards,requests,
"Fairleigh Dickinson University, Metropolitan Campus",DI,NEC,https://fduknights.com/sports/womens-volleyball/roster/2025,success,21,table,requests,
Florida A&M University,DI,SWAC,https://famuathletics.com/sports/womens-volleyball/roster/2025,success,17,table,requests,
Florida Atlantic University,DI,American,https://fausports.com/sports/womens-volleyball/roster/2025,success,33,modern_cards,requests,
Florida Gulf Coast University,DI,ASUN,https://fgcuathletics.com/sports/womens-volleyball/roster/2025,success,15,table,requests,
Florida International University,DI,CUSA,https://fiusports.com/sports/womens-volleyball/roster/2025,success,21,modern_cards,requests,
Florida State University,DI,ACC,https://seminoles.com/sports/womens-volleyball/roster?path=wvball/2025,success,18,table,requests,
Fordham University,DI,A10,https://fordhamsports.com/sports/womens-volleyball/roster/2025,success,20,modern_cards,requests,
Furman University,DI,Southern,https://furmanpaladins.com/sports/womens-volleyball/roster/2025,success,18,table,requests,
Gardner-Webb University,DI,Big South,https://gwusports.com/sports/womens-volleyball/roster/2025,success,43,modern_cards,requests,
George Mason University,DI,A10,https://gomason.com/sports/womens-volleyball/roster/2025,success,20,modern_cards,playwright_html,
George Washington University,DI,A10,https://gwsports.com/sports/womens-volleyball/roster/2025,success,32,modern_cards,requests,
Georgetown University,DI,Big East,https://guhoyas.com/sports/womens-volleyball/roster/2025,success,16,modern_cards,requests,
Georgia Institute of Technology,DI,ACC,https://ramblinwreck.com/sports/w-volley/roster//2025,failed,0,,,ValueError: All roster parsing methods failed. Static: 404 Client Error: Not Found for url: https://ramblinwreck.com/sports/w-volley/roster/2025 | Visible text: No tab-separated visible-text roster rows were found. | Rendered HTML: Every available roster parser failed. table: No tables found | modern_cards: No modern roster-card containers were found. | labeled_cards: No labeled Jersey Number player blocks were found. | sidearm: No Sidearm player cards were found.
Georgia Southern University,DI,SBC,https://gseagles.com/sports/womens-volleyball/roster/2025,success,17,table,requests,
Georgia State University,DI,SBC,https://georgiastatesports.com/sports/womens-volleyball/roster/2025,success,17,table,requests,
Gonzaga University,DI,WCC,https://gozags.com/sports/womens-volleyball/roster/2025,success,16,table,requests,
Grambling State University,DI,SWAC,https://gsutigers.com/sports/womens-volleyball/roster/2025,success,18,modern_cards,requests,
Grand Canyon University,DI,Mountain West,https://gculopes.com/sports/womens-volleyball/roster/2025,success,20,table,requests,
Hampton University,DI,CAA,https://hamptonpirates.com/sports/womens-volleyball/roster/2025,success,16,modern_cards,requests,
Harvard University,DI,IVY,https://gocrimson.com/sports/womens-volleyball/roster/2025,success,15,table,requests,
High Point University,DI,Big South,https://highpointpanthers.com/sports/womens-volleyball/roster/2025,success,18,modern_cards,requests,
Hofstra University,DI,CAA,https://gohofstra.com/sports/womens-volleyball/roster/2025,success,18,table,requests,
Houston Christian University,DI,Southland,https://hcuhuskies.com/sports/womens-volleyball/roster/2025,success,18,modern_cards,requests,
Howard University,DI,MEAC,https://hubison.com/sports/womens-volleyball/roster/2025,success,19,table,requests,
Idaho State University,DI,Big Sky,https://isubengals.com/sports/womens-volleyball/roster/2025,success,21,modern_cards,requests,
Illinois State University,DI,MVC,https://goredbirds.com/sports/womens-volleyball/roster/2025,success,19,modern_cards,requests,
Indiana State University,DI,MVC,https://gosycamores.com/sports/womens-volleyball/roster/2025,success,20,modern_cards,requests,
Indiana University Indianapolis,DI,Horizon,https://iuindyjags.com/sports/womens-volleyball/roster/2025,success,16,table,requests,
"Indiana University, Bloomington",DI,B10,https://iuhoosiers.com/sports/womens-volleyball/roster/2025,success,35,modern_cards,requests,
Iona University,DI,MAAC,https://ionagaels.com/sports/womens-volleyball/roster/2025,success,17,table,requests,
Iowa State University,DI,B12,https://cyclones.com/sports/womens-volleyball/roster/2025,success,18,table,requests,
Jackson State University,DI,SWAC,https://gojsutigers.com/sports/womens-volleyball/roster/2025,success,18,modern_cards,requests,
Jacksonville State University,DI,CUSA,https://jaxstatesports.com/sports/womens-volleyball/roster/2025,success,20,table,requests,
Jacksonville University,DI,ASUN,https://judolphins.com/sports/womens-volleyball/roster/2025,success,19,modern_cards,requests,
James Madison University,DI,SBC,https://jmusports.com/sports/womens-volleyball/roster/2025,success,15,table,requests,
Kansas State University,DI,B12,https://www.kstatesports.com/sports/womens-volleyball/roster/2025,success,35,modern_cards,requests,
Kennesaw State University,DI,CUSA,https://ksuowls.com/sports/womens-volleyball/roster/2025,success,17,table,requests,
Kent State University,DI,Mid American,https://kentstatesports.com/sports/womens-volleyball/roster/2025,success,16,table,requests,
Lafayette College,DI,PL,https://goleopards.com/sports/womens-volleyball/roster/2025,success,16,table,requests,
Lamar University,DI,Southland,https://lamarcardinals.com/sports/womens-volleyball/roster/2025,success,17,modern_cards,requests,
Lehigh University,DI,PL,https://lehighsports.com/sports/womens-volleyball/roster/2025,success,17,table,requests,
Liberty University,DI,CUSA,https://libertyflames.com/sports/womens-volleyball/roster/2025,success,18,table,requests,
Lindenwood University,DI,Ohio Valley,https://lindenwoodlions.com/sports/womens-volleyball/roster/2025,success,17,modern_cards,requests,
Lipscomb University,DI,ASUN,https://lipscombsports.com/sports/wvball/roster/2025,success,13,table,requests,
Long Beach State University,DI,Big West,https://longbeachstate.com/sports/womens-volleyball/roster/2025,success,37,modern_cards,requests,
Long Island University,DI,NEC,https://www.liuathletics.com/sports/womens-volleyball/roster/2025,success,17,modern_cards,requests,
Louisiana State University,DI,SEC,https://lsusports.net/sports/vb/roster/2025,failed,0,,,ValueError: All roster parsing methods failed. Static: 404 Client Error: Not Found for url: https://lsusports.net/sports/vb/roster/2025 | Visible text: No tab-separated visible-text roster rows were found. | Rendered HTML: Every available roster parser failed. table: No tables found | modern_cards: No modern roster-card containers were found. | labeled_cards: No labeled Jersey Number player blocks were found. | sidearm: No Sidearm player cards were found.
Louisiana Tech University,DI,CUSA,https://latechsports.com/sports/womens-volleyball/roster/2025,success,17,table,requests,
Loyola Marymount University,DI,WCC,https://lmulions.com/sports/womens-volleyball/roster/2025,success,18,modern_cards,requests,
Loyola University Chicago,DI,A10,https://loyolaramblers.com/sports/womens-volleyball/roster/2025,success,16,modern_cards,requests,
Loyola University Maryland,DI,PL,https://loyolagreyhounds.com/sports/womens-volleyball/roster/2025,success,17,modern_cards,requests,
Manhattan University,DI,MAAC,https://gojaspers.com/sports/womens-volleyball/roster/2025,success,16,modern_cards,requests,
Marist University,DI,MAAC,https://goredfoxes.com/sports/womens-volleyball/roster/2025,success,17,table,requests,
Marquette University,DI,Big East,https://gomarquette.com/sports/womens-volleyball/roster/2025,success,33,modern_cards,requests,
Marshall University,DI,SBC,https://herdzone.com/sports/womens-volleyball/roster/2025,success,33,modern_cards,requests,
McNeese State University,DI,Southland,https://mcneesesports.com/sports/womens-volleyball/roster/2025,success,19,modern_cards,requests,
Mercer University,DI,Southern,https://mercerbears.com/sports/womens-volleyball/roster/2025,success,35,modern_cards,requests,
Merrimack College,DI,MAAC,https://merrimackathletics.com/sports/womens-volleyball/roster/2025,success,20,modern_cards,requests,
Miami University (Ohio),DI,Mid American,https://miamiredhawks.com/sports/womens-volleyball/roster/2025,success,32,modern_cards,requests,
Michigan State University,DI,B10,https://msuspartans.com/sports/womens-volleyball/roster/2025,success,37,modern_cards,requests,
Middle Tennessee State University,DI,CUSA,https://goblueraiders.com/sports/womens-volleyball/roster/2025,success,17,table,requests,
Mississippi State University,DI,SEC,https://hailstate.com/sports/womens-volleyball/roster/2025,success,33,modern_cards,requests,
Mississippi Valley State University,DI,SWAC,https://mvsusports.com/sports/womens-volleyball/roster/2025,success,17,table,requests,
Missouri State University,DI,CUSA,https://missouristatebears.com/sports/womens-volleyball/roster/2025,success,33,modern_cards,requests,
Montana State University-Bozeman,DI,Big Sky,https://msubobcats.com/sports/womens-volleyball/roster/2025,success,16,table,requests,
Morehead State University,DI,Ohio Valley,https://msueagles.com/sports/womens-volleyball/roster/2025,success,14,modern_cards,requests,
Morgan State University,DI,MEAC,https://morganstatebears.com/sports/womens-volleyball/roster/2025,success,19,modern_cards,requests,
Murray State University,DI,MVC,https://goracers.com/sports/womens-volleyball/roster/2025,success,15,table,requests,
New Jersey Institute of Technology,DI,America East,https://njithighlanders.com/sports/womens-volleyball/roster/2025,success,16,table,requests,
New Mexico State University,DI,CUSA,https://nmstatesports.com/sports/womens-volleyball/roster/2025,success,20,table,requests,
Niagara University,DI,MAAC,https://purpleeagles.com/sports/womens-volleyball/roster/2025,success,18,modern_cards,requests,
Nicholls State University,DI,Southland,https://geauxcolonels.com/sports/womens-volleyball/roster/2025,success,15,table,requests,
Norfolk State University,DI,MEAC,https://nsuspartans.com/sports/womens-volleyball/roster/2025,success,20,modern_cards,requests,
North Carolina A&T State University,DI,CAA,https://ncataggies.com/sports/womens-volleyball/roster/2025,success,14,table,requests,
North Carolina Central University,DI,MEAC,https://nccueaglepride.com/sports/womens-volleyball/roster/2025,success,17,table,requests,
North Carolina State University,DI,ACC,https://gopack.com/sports/womens-volleyball/roster/2025,success,15,table,requests,
North Dakota State University,DI,Summit,https://gobison.com/sports/womens-volleyball/roster/2025,success,15,table,requests,
Northeastern University,DI,CAA,https://nuhuskies.com/sports/womens-volleyball/roster/2025,success,19,table,requests,
Northern Arizona University,DI,Big Sky,https://nauathletics.com/sports/womens-volleyball/roster/2025,success,16,table,requests,
Northern Illinois University,DI,Mid American,https://niuhuskies.com/sports/womens-volleyball/roster/2025,success,17,modern_cards,requests,
Northern Kentucky University,DI,Horizon,https://nkunorse.com/sports/womens-volleyball/roster/2025,success,17,modern_cards,requests,
Northwestern State University,DI,Southland,https://nsudemons.com/sports/womens-volleyball/roster/2025,success,26,modern_cards,requests,
Northwestern University,DI,B10,https://nusports.com/sports/womens-volleyball/roster/2025,success,19,modern_cards,requests,
Oakland University,DI,Horizon,https://goldengrizzlies.com/sports/womens-volleyball/roster/2025,success,18,modern_cards,requests,
Ohio University,DI,Mid American,https://ohiobobcats.com/sports/wvball/roster/2025,success,16,table,requests,
Old Dominion University,DI,SBC,https://odusports.com/sports/volleyball/roster/2025,failed,0,,,ValueError: All roster parsing methods failed. Static: 404 Client Error: Not Found for url: https://odusports.com/sports/volleyball/roster/2025 | Visible text: No tab-separated visible-text roster rows were found. | Rendered HTML: Every available roster parser failed. table: No tables found | modern_cards: No modern roster-card containers were found. | labeled_cards: No labeled Jersey Number player blocks were found. | sidearm: No Sidearm player cards were found.
Oral Roberts University,DI,Summit,https://oruathletics.com/sports/womens-volleyball/roster/2025,success,15,table,requests,
Oregon State University,DI,Pac12,https://osubeavers.com/sports/womens-volleyball/roster/2025,success,33,modern_cards,requests,
Pennsylvania State University,DI,B10,https://gopsusports.com/sports/womens-volleyball/roster?view=table/2025,failed,0,,,ValueError: All roster parsing methods failed. Static: Every available roster parser failed. table: No tables found | modern_cards: Modern-card parser extracted only 2 players. | labeled_cards: Only 1 players were extracted. | sidearm: No Sidearm player cards were found. | Visible text: No tab-separated visible-text roster rows were found. | Rendered HTML: Every available roster parser failed. table: No tables found | modern_cards: Modern-card parser extracted only 2 players. | labeled_cards: Only 1 players were extracted. | sidearm: No Sidearm player cards were found.
Pepperdine University,DI,WCC,https://pepperdinewaves.com/sports/womens-volleyball/roster/2025,success,33,modern_cards,requests,
Portland State University,DI,Big Sky,https://goviks.com/sports/womens-volleyball/roster/2025,success,16,table,requests,
Prairie View A&M University,DI,SWAC,https://pvpanthers.com/sports/womens-volleyball/roster/2025,success,16,modern_cards,requests,
Presbyterian College,DI,Big South,https://gobluehose.com/sports/womens-volleyball/roster/2025,success,15,table,requests,
Princeton University,DI,IVY,https://goprincetontigers.com/sports/womens-volleyball/roster/2025,success,18,table,requests,
Providence College,DI,Big East,https://friars.com/sports/womens-volleyball/roster/2025,success,31,modern_cards,requests,
Purdue University,DI,B10,https://purduesports.com/sports/volleyball/roster/2025,failed,0,,,ValueError: All roster parsing methods failed. Static: 404 Client Error: Not Found for url: https://purduesports.com/sports/volleyball/roster/2025 | Visible text: No tab-separated visible-text roster rows were found. | Rendered HTML: Every available roster parser failed. table: No tables found | modern_cards: No modern roster-card containers were found. | labeled_cards: No labeled Jersey Number player blocks were found. | sidearm: No Sidearm player cards were found.
Purdue University Fort Wayne,DI,Horizon,https://gomastodons.com/sports/womens-volleyball/roster/2025,success,14,table,requests,
Queens University of Charlotte,DI,ASUN,https://queensathletics.com/sports/womens-volleyball/roster/2025,success,33,modern_cards,requests,
Quinnipiac University,DI,MAAC,https://gobobcats.com/sports/womens-volleyball/roster/2025,success,16,table,requests,
Radford University,DI,Big South,https://radfordathletics.com/sports/womens-volleyball/roster/2025,success,18,table,requests,
Rice University,DI,American,https://riceowls.com/sports/womens-volleyball/roster/2025,success,35,modern_cards,requests,
Rider University,DI,MAAC,https://gobroncs.com/sports/womens-volleyball/roster/2025,success,19,modern_cards,requests,
Robert Morris University,DI,Horizon,https://rmucolonials.com/sports/womens-volleyball/roster/2025,success,16,modern_cards,requests,
"Rutgers, The State University of New Jersey, New Brunswick",DI,B10,https://scarletknights.com/sports/womens-volleyball/roster/2025,success,33,modern_cards,requests,
Sacred Heart University,DI,MAAC,https://sacredheartpioneers.com/sports/womens-volleyball/roster/2025,success,18,table,requests,
Saint Francis University,DI,NEC,https://sfuathletics.com/sports/womens-volleyball/roster/2025,success,15,modern_cards,requests,
Saint Louis University,DI,A10,https://slubillikens.com/sports/womens-volleyball/roster/2025,success,16,table,requests,
Saint Mary's College of California,DI,WCC,https://smcgaels.com/sports/womens-volleyball/roster/2025,success,45,modern_cards,requests,
Saint Peter's University,DI,MAAC,https://saintpeterspeacocks.com/sports/womens-volleyball/roster/2025,success,20,table,requests,
Sam Houston State University,DI,CUSA,https://gobearkats.com/sports/womens-volleyball/roster/2025,success,16,table,requests,
Samford University,DI,Southern,https://samfordsports.com/sports/womens-volleyball/roster/2025,success,15,table,requests,
San Diego State University,DI,Mountain West,https://goaztecs.com/sports/volleyball/roster/2025,failed,0,,,ValueError: All roster parsing methods failed. Static: 404 Client Error: Not Found for url: https://goaztecs.com/sports/volleyball/roster/2025 | Visible text: No tab-separated visible-text roster rows were found. | Rendered HTML: Every available roster parser failed. table: No tables found | modern_cards: No modern roster-card containers were found. | labeled_cards: No labeled Jersey Number player blocks were found. | sidearm: No Sidearm player cards were found.
San Jose State University,DI,Mountain West,https://sjsuspartans.com/sports/womens-volleyball/roster/2025,failed,0,,,ValueError: All roster parsing methods failed. Static: 404 Client Error: Not Found for url: https://sjsuspartans.com/sports/womens-volleyball/roster/2025 | Visible text: No tab-separated visible-text roster rows were found. | Rendered HTML: Every available roster parser failed. table: No tables found | modern_cards: No modern roster-card containers were found. | labeled_cards: No labeled Jersey Number player blocks were found. | sidearm: No Sidearm player cards were found.
Santa Clara University,DI,WCC,https://santaclarabroncos.com/sports/womens-volleyball/roster/2025,success,17,table,requests,
Seattle University,DI,WCC,https://goseattleu.com/sports/volleyball/roster/2025,failed,0,,,ValueError: All roster parsing methods failed. Static: 404 Client Error: Not Found for url: https://goseattleu.com/sports/volleyball/roster/2025 | Visible text: No tab-separated visible-text roster rows were found. | Rendered HTML: Every available roster parser failed. table: No tables found | modern_cards: No modern roster-card containers were found. | labeled_cards: No labeled Jersey Number player blocks were found. | sidearm: No Sidearm player cards were found.
Seton Hall University,DI,Big East,https://shupirates.com/sports/womens-volleyball/roster/2025,success,16,table,requests,
Siena University,DI,MAAC,https://sienasaints.com/sports/womens-volleyball/roster/2025,success,19,modern_cards,requests,
South Carolina State University,DI,MEAC,https://www.scsuathletics.com/sports/womens-volleyball/roster/2025,success,17,modern_cards,requests,
South Dakota State University,DI,Summit,https://gojacks.com/sports/womens-volleyball/roster/2025,success,15,table,requests,
Southeast Missouri State University,DI,Ohio Valley,https://semoredhawks.com/sports/womens-volleyball/roster/2025,success,17,table,requests,
Southeastern Louisiana University,DI,Southland,https://lionsports.net/sports/womens-volleyball/roster/2025,success,19,table,requests,
Southern Illinois University Edwardsville,DI,Ohio Valley,https://siuecougars.com/sports/womens-volleyball/roster/2025,success,17,modern_cards,requests,
Southern Illinois University at Carbondale,DI,MVC,https://siusalukis.com/sports/womens-volleyball/roster/2025,success,17,table,requests,
Southern Methodist University,DI,ACC,https://smumustangs.com/sports/womens-volleyball/roster/2025,success,17,table,requests,
"Southern University, Baton Rouge",DI,SWAC,https://gojagsports.com/sports/womens-volleyball/roster/2025,success,23,modern_cards,requests,
Southern Utah University,DI,WAC,https://suutbirds.com/sports/womens-volleyball/roster/2025,success,20,modern_cards,requests,
St. John's University (New York),DI,Big East,https://redstormsports.com/sports/womens-volleyball/roster/2025,success,13,table,requests,
Stanford University,DI,ACC,https://gostanford.com/sports/womens-volleyball/roster/2025,failed,0,,,ValueError: All roster parsing methods failed. Static: 404 Client Error: Not Found for url: https://gostanford.com/sports/womens-volleyball/roster/2025 | Visible text: No tab-separated visible-text roster rows were found. | Rendered HTML: Every available roster parser failed. table: No tables found | modern_cards: No modern roster-card containers were found. | labeled_cards: No labeled Jersey Number player blocks were found. | sidearm: No Sidearm player cards were found.
Stephen F. Austin State University,DI,Southland,https://sfajacks.com/sports/womens-volleyball/roster/2025,success,16,table,requests,
Stetson University,DI,ASUN,https://gohatters.com/sports/womens-volleyball/roster/2025,success,17,modern_cards,requests,
Stonehill College,DI,NEC,https://stonehillskyhawks.com/sports/womens-volleyball/roster/2025,success,15,modern_cards,requests,
Stony Brook University,DI,CAA,https://stonybrookathletics.com/sports/womens-volleyball/roster/2025,success,16,modern_cards,requests,
Syracuse University,DI,ACC,https://cuse.com/sports/womens-volleyball/roster/2025,success,17,table,requests,
Tarleton State University,DI,WAC,https://tarletonsports.com/sports/womens-volleyball/roster/2025,success,18,modern_cards,requests,
Temple University,DI,American,https://owlsports.com/sports/womens-volleyball/roster/2025,success,20,table,requests,
Tennessee State University,DI,Ohio Valley,https://tsutigers.com/sports/womens-volleyball/roster/2025,success,15,table,requests,
Tennessee Technological University,DI,Ohio Valley,https://www.ttusports.com/sports/wvball/2026-27/roster/2025,failed,0,,,ValueError: All roster parsing methods failed. Static: 404 Client Error: Not Found for url: https://www.ttusports.com/sports/wvball/2026-27/roster/2025 | Visible text: No tab-separated visible-text roster rows were found. | Rendered HTML: Every available roster parser failed. table: No tables found | modern_cards: No modern roster-card containers were found. | labeled_cards: No labeled Jersey Number player blocks were found. | sidearm: No Sidearm player cards were found.
"Texas A&M University, College Station",DI,SEC,https://12thman.com/sports/volleyball/roster/2025,failed,0,,,ValueError: All roster parsing methods failed. Static: 404 Client Error: Not Found for url: https://12thman.com/sports/volleyball/roster/2025 | Visible text: No tab-separated visible-text roster rows were found. | Rendered HTML: Every available roster parser failed. table: No tables found | modern_cards: No modern roster-card containers were found. | labeled_cards: No labeled Jersey Number player blocks were found. | sidearm: No Sidearm player cards were found.
Texas A&M University-Corpus Christi,DI,Southland,https://goislanders.com/sports/womens-volleyball/roster/2025,success,17,modern_cards,requests,
Texas Christian University,DI,B12,https://gofrogs.com/sports/womens-volleyball/roster/2025,success,37,modern_cards,requests,
Texas Southern University,DI,SWAC,https://tsusports.com/sports/womens-volleyball/roster/2025,success,15,modern_cards,requests,
Texas State University,DI,SBC,https://txst.com/sports/womens-volleyball/roster/2025,success,17,table,requests,
Texas Tech University,DI,B12,https://texastech.com/sports/womens-volleyball/roster/2025,success,37,modern_cards,requests,
The Citadel,DI,Southern,https://citadelsports.com/sports/womens-volleyball/roster/2025,success,17,table,requests,
The Ohio State University,DI,B10,https://ohiostatebuckeyes.com/sports/womens-volleyball/roster/2025,success,17,table,requests,
The University of North Carolina at Charlotte,DI,American,https://charlotte49ers.com/sports/womens-volleyball/roster/2025,success,35,modern_cards,requests,
The University of North Carolina at Greensboro,DI,Southern,https://uncgspartans.com/sports/womens-volleyball/roster/2025,success,16,table,requests,
The University of Southern Mississippi,DI,SBC,https://southernmiss.com/sports/womens-volleyball/roster/2025,success,37,modern_cards,requests,
The University of Texas Rio Grande Valley,DI,Southland,https://goutrgv.com/sports/womens-volleyball/roster/2025,success,17,table,requests,
The University of Tulsa,DI,American,https://tulsahurricane.com/sports/womens-volleyball/roster/2025,success,14,table,requests,
Towson University,DI,CAA,https://towsontigers.com/sports/womens-volleyball/roster/2025,success,21,modern_cards,requests,
Troy University,DI,SBC,https://troytrojans.com/sports/womens-volleyball/roster/2025,success,39,modern_cards,requests,
Tulane University,DI,American,https://tulanegreenwave.com/sports/womens-volleyball/roster/2025,success,18,table,requests,
U.S. Air Force Academy,DI,Mountain West,https://goairforcefalcons.com/sports/womens-volleyball/roster/2025,success,39,modern_cards,requests,
U.S. Military Academy,DI,PL,https://goarmywestpoint.com/sports/womens-volleyball/roster/2025,success,22,table,requests,
U.S. Naval Academy,DI,PL,https://navysports.com/sports/womens-volleyball/roster/2025,success,19,modern_cards,requests,
University at Albany,DI,America East,https://ualbanysports.com/sports/womens-volleyball/roster/2025,success,18,table,requests,
"University at Buffalo, the State University of New York",DI,Mid American,https://ubbulls.com/sports/womens-volleyball/roster/2025,success,15,table,requests,
University of Akron,DI,Mid American,https://gozips.com/sports/womens-volleyball/roster/2025,success,35,modern_cards,requests,
University of Alabama,DI,SEC,https://rolltide.com/sports/womens-volleyball/roster/2025,success,37,modern_cards,requests,
University of Alabama at Birmingham,DI,American,https://uabsports.com/sports/womens-volleyball/roster/2025,success,33,modern_cards,requests,
University of Arizona,DI,B12,https://arizonawildcats.com/sports/womens-volleyball/roster/2025,success,18,modern_cards,requests,
University of Arkansas at Little Rock,DI,Ohio Valley,https://lrtrojans.com/sports/womens-volleyball/roster/2025,success,15,modern_cards,requests,
"University of Arkansas, Fayetteville",DI,SEC,https://arkansasrazorbacks.com/sport/w-volley/roster//2025,success,17,table,requests,
"University of Arkansas, Pine Bluff",DI,SWAC,https://uapblionsroar.com/sports/womens-volleyball/roster/2025,success,14,modern_cards,requests,
"University of California, Berkeley",DI,ACC,https://calbears.com/sports/womens-volleyball/roster/2025,success,17,modern_cards,requests,
"University of California, Davis",DI,Big West,https://ucdavisaggies.com/sports/womens-volleyball/roster/2025,success,19,modern_cards,requests,
"University of California, Irvine",DI,Big West,https://ucirvinesports.com/sports/womens-volleyball/roster/2025,success,39,modern_cards,requests,
"University of California, Los Angeles",DI,B10,https://uclabruins.com/sports/womens-volleyball/roster/2025,success,17,modern_cards,requests,
"University of California, Riverside",DI,Big West,https://gohighlanders.com/sports/womens-volleyball/roster/2025,success,15,table,requests,
"University of California, San Diego",DI,Big West,https://ucsdtritons.com/sports/womens-volleyball/roster/2025,success,18,table,requests,
"University of California, Santa Barbara",DI,Big West,https://ucsbgauchos.com/sports/womens-volleyball/roster/2025,success,20,table,requests,
University of Central Arkansas,DI,ASUN,https://ucasports.com/sports/womens-volleyball/roster/2025,success,18,modern_cards,requests,
University of Central Florida,DI,B12,https://ucfknights.com/sports/volleyball/roster/2025,failed,0,,,ValueError: All roster parsing methods failed. Static: 404 Client Error: Not Found for url: https://ucfknights.com/sports/volleyball/roster/2025 | Visible text: No tab-separated visible-text roster rows were found. | Rendered HTML: Every available roster parser failed. table: No tables found | modern_cards: No modern roster-card containers were found. | labeled_cards: No labeled Jersey Number player blocks were found. | sidearm: No Sidearm player cards were found.
University of Cincinnati,DI,B12,https://gobearcats.com/sports/womens-volleyball/roster/2025,success,5,modern_cards,requests,
University of Colorado Boulder,DI,B12,https://cubuffs.com/sports/womens-volleyball/roster/2025,success,20,modern_cards,requests,
University of Connecticut,DI,Big East,https://uconnhuskies.com/sports/womens-volleyball/roster/2025,success,18,table,requests,
University of Dayton,DI,A10,https://daytonflyers.com/sports/womens-volleyball/roster/2025,success,18,table,requests,
University of Delaware,DI,CUSA,https://bluehens.com/sports/womens-volleyball/roster/2025,success,33,modern_cards,requests,
University of Denver,DI,Summit,https://denverpioneers.com/sports/womens-volleyball/roster/2025,success,18,modern_cards,requests,
University of Evansville,DI,MVC,https://gopurpleaces.com/sports/womens-volleyball/roster/2025,success,19,modern_cards,requests,
University of Florida,DI,SEC,https://floridagators.com/sports/womens-volleyball/roster/2025,success,17,table,requests,
University of Georgia,DI,SEC,https://georgiadogs.com/sports/womens-volleyball/roster/2025,success,33,modern_cards,requests,
"University of Hawaii, Manoa",DI,Big West,https://hawaiiathletics.com/sports/womens-volleyball/roster/2025,success,17,table,requests,
University of Houston,DI,B12,https://uhcougars.com/sports/womens-volleyball/roster/2025,success,35,modern_cards,requests,
University of Idaho,DI,Big Sky,https://govandals.com/sports/womens-volleyball/roster/2025,success,18,modern_cards,requests,
University of Illinois Chicago,DI,MVC,https://uicflames.com/sports/womens-volleyball/roster/2025,success,18,table,requests,
University of Illinois Urbana-Champaign,DI,B10,https://fightingillini.com/sports/womens-volleyball/roster/2025,success,18,table,requests,
University of Iowa,DI,B10,https://hawkeyesports.com/sports/wvball/roster/2025,failed,0,,,ValueError: All roster parsing methods failed. Static: 404 Client Error: Not Found for url: https://hawkeyesports.com/sports/wvball/roster/2025 | Visible text: No tab-separated visible-text roster rows were found. | Rendered HTML: Every available roster parser failed. table: No tables found | modern_cards: No modern roster-card containers were found. | labeled_cards: No labeled Jersey Number player blocks were found. | sidearm: No Sidearm player cards were found.
University of Kansas,DI,B12,https://kuathletics.com/sports/womens-volleyball/roster/2025,success,18,table,requests,
University of Kentucky,DI,SEC,https://ukathletics.com/sports/wvball/roster//2025,failed,0,,,ValueError: All roster parsing methods failed. Static: 404 Client Error: Not Found for url: https://ukathletics.com/sports/wvball/roster/2025 | Visible text: No tab-separated visible-text roster rows were found. | Rendered HTML: Every available roster parser failed. table: No tables found | modern_cards: No modern roster-card containers were found. | labeled_cards: No labeled Jersey Number player blocks were found. | sidearm: No Sidearm player cards were found.
University of Louisiana Monroe,DI,SBC,https://ulmwarhawks.com/sports/womens-volleyball/roster/2025,success,19,modern_cards,requests,
University of Louisiana at Lafayette,DI,SBC,https://ragincajuns.com/sports/womens-volleyball/roster/2025,success,33,modern_cards,requests,
University of Louisville,DI,ACC,https://gocards.com/sports/womens-volleyball/roster/2025,success,33,modern_cards,requests,
University of Maryland Eastern Shore,DI,MEAC,https://umeshawksports.com/sports/womens-volleyball/roster/2025,success,19,modern_cards,requests,
"University of Maryland, Baltimore County",DI,America East,https://umbcretrievers.com/sports/womens-volleyball/roster/2025,success,14,table,requests,
"University of Maryland, College Park",DI,B10,https://umterps.com/sports/womens-volleyball/roster/2025,success,29,modern_cards,requests,
University of Memphis,DI,American,https://gotigersgo.com/sports/womens-volleyball/roster/2025,success,16,table,requests,
University of Miami (Florida),DI,ACC,https://miamihurricanes.com/sports/wvball/roster//2025,failed,0,,,ValueError: All roster parsing methods failed. Static: 404 Client Error: Not Found for url: https://miamihurricanes.com/sports/wvball/roster/2025 | Visible text: No tab-separated visible-text roster rows were found. | Rendered HTML: Every available roster parser failed. table: No tables found | modern_cards: No modern roster-card containers were found. | labeled_cards: No labeled Jersey Number player blocks were found. | sidearm: No Sidearm player cards were found.
University of Michigan,DI,B10,https://mgoblue.com/sports/womens-volleyball/roster/2025,success,18,table,requests,
"University of Minnesota, Twin Cities",DI,B10,https://gophersports.com/sports/womens-volleyball/roster/2025,success,25,modern_cards,requests,
University of Mississippi,DI,SEC,https://olemisssports.com/sports/womens-volleyball/roster/2025,success,17,table,requests,
"University of Missouri, Columbia",DI,SEC,https://mutigers.com/sports/womens-volleyball/roster/2025,success,21,modern_cards,requests,
University of Missouri-Kansas City,DI,Summit,https://kcroos.com/sports/womens-volleyball/roster/2025,success,17,table,requests,
University of Montana,DI,Big Sky,https://gogriz.com/sports/womens-volleyball/roster/2025,success,19,table,requests,
University of Nebraska at Omaha,DI,Summit,https://omavs.com/sports/womens-volleyball/roster/2025,success,17,modern_cards,requests,
University of Nebraska-Lincoln,DI,B10,https://huskers.com/sports/volleyball/roster/2025,failed,0,,,ValueError: All roster parsing methods failed. Static: 404 Client Error: Not Found for url: https://huskers.com/sports/volleyball/roster/2025 | Visible text: No tab-separated visible-text roster rows were found. | Rendered HTML: Every available roster parser failed. table: No tables found | modern_cards: No modern roster-card containers were found. | labeled_cards: No labeled Jersey Number player blocks were found. | sidearm: No Sidearm player cards were found.
"University of Nevada, Las Vegas",DI,Mountain West,https://unlvrebels.com/sports/womens-volleyball/roster/2025,success,19,modern_cards,requests,
"University of Nevada, Reno",DI,Mountain West,https://nevadawolfpack.com/sports/womens-volleyball/roster/2025,success,17,modern_cards,requests,
University of New Hampshire,DI,America East,https://unhwildcats.com/sports/womens-volleyball/roster/2025,success,42,modern_cards,requests,
University of New Mexico,DI,Mountain West,https://golobos.com/sports/wvball/roster/2025,failed,0,,,ValueError: All roster parsing methods failed. Static: 404 Client Error: Not Found for url: https://golobos.com/sports/wvball/roster/2025 | Visible text: No tab-separated visible-text roster rows were found. | Rendered HTML: Every available roster parser failed. table: No tables found | modern_cards: No modern roster-card containers were found. | labeled_cards: No labeled Jersey Number player blocks were found. | sidearm: No Sidearm player cards were found.
University of New Orleans,DI,Southland,https://privateersports.com/sports/womens-volleyball/roster/2025,success,19,modern_cards,requests,
University of North Alabama,DI,ASUN,https://roarlions.com/sports/wvball/roster/2025,success,18,modern_cards,requests,
University of North Carolina Asheville,DI,Big South,https://uncabulldogs.com/sports/womens-volleyball/roster/2025,success,53,modern_cards,requests,
University of North Carolina Wilmington,DI,CAA,https://uncwsports.com/sports/womens-volleyball/roster/2025,success,18,table,requests,
"University of North Carolina, Chapel Hill",DI,ACC,https://goheels.com/sports/womens-volleyball/roster/2025,success,17,table,requests,
University of North Dakota,DI,Summit,https://fightinghawks.com/sports/womens-volleyball/roster/2025,success,19,modern_cards,requests,
University of North Florida,DI,ASUN,https://unfospreys.com/sports/womens-volleyball/roster/2025,success,18,table,requests,
University of North Texas,DI,American,https://meangreensports.com/sports/womens-volleyball/roster/2025,success,33,modern_cards,requests,
University of Northern Colorado,DI,Big Sky,https://uncbears.com/sports/womens-volleyball/roster/2025,success,35,modern_cards,requests,
University of Northern Iowa,DI,MVC,https://unipanthers.com/sports/womens-volleyball/roster/2025,success,18,table,requests,
University of Notre Dame,DI,ACC,https://fightingirish.com/sports/wvball/roster//2025,failed,0,,,ValueError: All roster parsing methods failed. Static: Every available roster parser failed. table: No tables found | modern_cards: No modern roster-card containers were found. | labeled_cards: No labeled Jersey Number player blocks were found. | sidearm: No Sidearm player cards were found. | Visible text: No tab-separated visible-text roster rows were found. | Rendered HTML: Every available roster parser failed. table: No tables found | modern_cards: No modern roster-card containers were found. | labeled_cards: No labeled Jersey Number player blocks were found. | sidearm: No Sidearm player cards were found.
University of Oklahoma,DI,SEC,https://soonersports.com/sports/volleyball/roster/2025,success,16,table,requests,
University of Oregon,DI,B10,https://goducks.com/sports/womens-volleyball/roster/2025,success,30,modern_cards,requests,
University of Pennsylvania,DI,IVY,https://pennathletics.com/sports/womens-volleyball/roster/2025,success,20,modern_cards,requests,
University of Pittsburgh,DI,ACC,https://pittsburghpanthers.com/sports/womens-volleyball/roster/2025,success,15,table,requests,
University of Portland,DI,WCC,https://portlandpilots.com/sports/womens-volleyball/roster/2025,success,20,modern_cards,requests,
University of Rhode Island,DI,A10,https://gorhody.com/sports/womens-volleyball/roster/2025,success,16,table,requests,
University of San Diego,DI,WCC,https://usdtoreros.com/sports/womens-volleyball/roster/2025,success,18,modern_cards,requests,
University of San Francisco,DI,WCC,https://usfdons.com/sports/womens-volleyball/roster/2025,success,35,modern_cards,requests,
University of South Alabama,DI,SBC,https://usajaguars.com/sports/womens-volleyball/roster/2025,success,18,modern_cards,requests,
University of South Carolina Upstate,DI,Big South,https://upstatespartans.com/sports/womens-volleyball/roster/2025,success,33,modern_cards,requests,
"University of South Carolina, Columbia",DI,SEC,https://gamecocksonline.com/sports/wvball/roster//2025,failed,0,,,ValueError: All roster parsing methods failed. Static: 404 Client Error: Not Found for url: https://gamecocksonline.com/sports/wvball/roster/2025 | Visible text: No tab-separated visible-text roster rows were found. | Rendered HTML: Every available roster parser failed. table: No tables found | modern_cards: No modern roster-card containers were found. | labeled_cards: No labeled Jersey Number player blocks were found. | sidearm: No Sidearm player cards were found.
University of South Dakota,DI,Summit,https://goyotes.com/sports/womens-volleyball/roster/2025,success,18,modern_cards,requests,
University of South Florida,DI,American,https://gousfbulls.com/sports/womens-volleyball/roster/2025,success,37,modern_cards,requests,
University of Southern California,DI,B10,https://usctrojans.com/sports/womens-volleyball/roster/2025,success,37,modern_cards,requests,
University of Southern Indiana,DI,Ohio Valley,https://usiscreamingeagles.com/sports/womens-volleyball/roster/2025,success,15,table,requests,
University of St. Thomas (Minnesota),DI,Summit,https://tommiesports.com/sports/wvball/roster/2025,success,21,table,requests,
University of Tennessee at Chattanooga,DI,Southern,https://gomocs.com/sports/womens-volleyball/roster/2025,success,16,table,requests,
University of Tennessee at Martin,DI,Ohio Valley,https://utmsports.com/sports/womens-volleyball/roster/2025,success,31,modern_cards,requests,
"University of Tennessee, Knoxville",DI,SEC,https://utsports.com/sports/womens-volleyball/roster/2025,success,19,table,requests,
University of Texas at Arlington,DI,WAC,https://utamavs.com/sports/womens-volleyball/roster/2025,success,17,modern_cards,requests,
University of Texas at Austin,DI,SEC,https://texaslonghorns.com/sports/womens-volleyball/roster?sort=class/2025,success,28,modern_cards,requests,
University of Texas at El Paso,DI,CUSA,https://utepminers.com/sports/womens-volleyball/roster/2025,success,20,modern_cards,requests,
University of Texas at San Antonio,DI,American,https://goutsa.com/sports/volleyball/roster/season/2025/2025,failed,0,,,ValueError: All roster parsing methods failed. Static: 404 Client Error: Not Found for url: https://goutsa.com/sports/volleyball/roster/season/2025/2025 | Visible text: No tab-separated visible-text roster rows were found. | Rendered HTML: Every available roster parser failed. table: No tables found | modern_cards: No modern roster-card containers were found. | labeled_cards: No labeled Jersey Number player blocks were found. | sidearm: No Sidearm player cards were found.
University of Toledo,DI,Mid American,https://utrockets.com/sports/womens-volleyball/roster/2025,success,17,table,requests,
University of Utah,DI,B12,https://utahutes.com/sports/womens-volleyball/roster/2025,success,19,table,requests,
University of Virginia,DI,ACC,https://virginiasports.com/sports/wvball/roster/2025,failed,0,,,ValueError: All roster parsing methods failed. Static: 404 Client Error: Not Found for url: https://virginiasports.com/sports/wvball/roster/2025 | Visible text: No tab-separated visible-text roster rows were found. | Rendered HTML: Every available roster parser failed. table: No tables found | modern_cards: No modern roster-card containers were found. | labeled_cards: No labeled Jersey Number player blocks were found. | sidearm: No Sidearm player cards were found.
University of Washington,DI,B10,https://gohuskies.com/sports/womens-volleyball/roster/2025,success,29,modern_cards,requests,
University of Wisconsin-Green Bay,DI,Horizon,https://greenbayphoenix.com/sports/womens-volleyball/roster/2025,success,18,table,requests,
University of Wisconsin-Madison,DI,B10,https://uwbadgers.com/sports/womens-volleyball/roster/2025,success,35,modern_cards,requests,
University of Wisconsin-Milwaukee,DI,Horizon,https://mkepanthers.com/sports/womens-volleyball/roster/2025,success,17,table,requests,
University of Wyoming,DI,Mountain West,https://gowyo.com/sports/womens-volleyball/roster/2025,success,18,modern_cards,playwright_html,
University of the Incarnate Word,DI,Southland,https://uiwcardinals.com/sports/womens-volleyball/roster/2025,success,19,modern_cards,requests,
University of the Pacific,DI,WCC,https://pacifictigers.com/sports/womens-volleyball/roster/2025,success,19,modern_cards,requests,
Utah State University,DI,Mountain West,https://utahstateaggies.com/sports/womens-volleyball/roster/2025,success,18,modern_cards,playwright_html,
Utah Tech University,DI,WAC,https://utahtechtrailblazers.com/sports/womens-volleyball/roster/2025,success,17,modern_cards,requests,
Utah Valley University,DI,WAC,https://gouvu.com/sports/womens-volleyball/roster/2025,success,17,table,requests,
Valparaiso University,DI,MVC,https://valpoathletics.com/sports/womens-volleyball/roster/2025,success,19,modern_cards,requests,
Vanderbilt University,DI,SEC,https://vucommodores.com/sports/wvolley/roster/2025,failed,0,,,ValueError: All roster parsing methods failed. Static: 404 Client Error: Not Found for url: https://vucommodores.com/sports/wvolley/roster/2025 | Visible text: No tab-separated visible-text roster rows were found. | Rendered HTML: Every available roster parser failed. table: No tables found | modern_cards: No modern roster-card containers were found. | labeled_cards: No labeled Jersey Number player blocks were found. | sidearm: No Sidearm player cards were found.
Villanova University,DI,Big East,https://villanova.com/sports/womens-volleyball/roster/2025,success,17,modern_cards,requests,
Virginia Commonwealth University,DI,A10,https://vcuathletics.com/sports/womens-volleyball/roster/2025,success,16,table,requests,
Virginia Polytechnic Institute and State University,DI,ACC,https://hokiesports.com/sports/volleyball/roster/2025,failed,0,,,ValueError: All roster parsing methods failed. Static: 404 Client Error: Not Found for url: https://hokiesports.com/sports/volleyball/roster/2025 | Visible text: No tab-separated visible-text roster rows were found. | Rendered HTML: Every available roster parser failed. table: No tables found | modern_cards: No modern roster-card containers were found. | labeled_cards: No labeled Jersey Number player blocks were found. | sidearm: No Sidearm player cards were found.
Wake Forest University,DI,ACC,https://godeacs.com/sports/womens-volleyball/roster/2025,success,32,modern_cards,requests,
Washington State University,DI,Pac12,https://wsucougars.com/sports/womens-volleyball/roster/2025,success,19,modern_cards,requests,
Weber State University,DI,Big Sky,https://weberstatesports.com/sports/womens-volleyball/roster/2025,success,29,modern_cards,requests,
West Virginia University,DI,B12,https://wvusports.com/sports/womens-volleyball/roster/2025,success,33,modern_cards,requests,
Western Carolina University,DI,Southern,https://catamountsports.com/sports/womens-volleyball/roster/2025,success,15,table,requests,
Western Illinois University,DI,Ohio Valley,https://goleathernecks.com/sports/womens-volleyball/roster/2025,success,19,modern_cards,requests,
Western Kentucky University,DI,CUSA,https://wkusports.com/sports/womens-volleyball/roster?path=wvball/2025,success,29,modern_cards,requests,
Western Michigan University,DI,Mid American,https://wmubroncos.com/sports/womens-volleyball/roster/2025,success,15,table,requests,
Wichita State University,DI,American,https://goshockers.com/sports/womens-volleyball/roster/2025,success,23,table,requests,
William & Mary,DI,CAA,https://tribeathletics.com/sports/womens-volleyball/roster/2025,success,17,table,requests,
Winthrop University,DI,Big South,https://winthropeagles.com/sports/womens-volleyball/roster/2025,success,19,modern_cards,requests,
Wofford College,DI,Southern,https://woffordterriers.com/sports/womens-volleyball/roster/2025,success,17,table,requests,
Wright State University,DI,Horizon,https://wsuraiders.com/sports/womens-volleyball/roster/2025,success,37,modern_cards,requests,
Xavier University,DI,Big East,https://goxavier.com/sports/womens-volleyball/roster/2025,success,17,table,requests,
Yale University,DI,IVY,https://yalebulldogs.com/sports/womens-volleyball/roster/2025,success,18,table,requests,
Youngstown State University,DI,Horizon,https://ysusports.com/sports/wvball/roster/2025,success,27,modern_cards,requests,
